,driver_id,name,date_of_birth,no_of_years_driving_exp,gender,car_make,car_model_year,rating,age,age_bin,age_category,car_age,car_age_bin,car_age_category
0,1,Sinclair Birmingham,1982-10-17,10,Male,Audi,2010,4.0,41,0.0,low,13,0.0,low
1,2,Juline Faulks,1977-11-30,14,Female,BMW,2000,3.0,46,1.0,mid,23,1.0,mid-low
2,3,Germayne Stit,1976-09-18,13,Male,Mercedes-Benz,1999,4.0,47,2.0,mid,24,2.0,mid-low
3,4,Athena Coudray,1982-10-24,16,Female,Lexus,2009,2.0,41,0.0,low,14,0.0,low
4,5,Batholomew Hiscoke,1978-09-11,20,Male,BMW,2012,3.0,45,1.0,mid-low,11,1.0,low
5,6,Keely Vidineev,1978-07-29,16,Female,Lexus,2006,3.0,45,1.0,mid-low,17,1.0,low
6,7,Aeriela Hamly,1976-11-19,10,Female,Nissan,1988,2.0,47,2.0,mid,35,2.0,mid
7,8,Lew Painter,1975-06-03,12,Male,Audi,1992,3.0,48,2.0,mid,31,2.0,mid-low
8,9,Anatole Anstee,1982-09-01,10,Male,Mitsubishi,1996,4.0,41,0.0,low,27,0.0,mid-low
9,10,Garrek Maddra,1972-08-03,12,Male,Toyota,2000,2.0,51,3.0,high,23,3.0,mid-low
10,11,Gwenni Corssen,1970-04-30,14,Female,Volkswagen,2010,3.0,53,3.0,high,13,3.0,low
11,12,Persis Slipper,1980-08-01,20,Female,Toyota,1988,3.0,43,0.0,low,35,0.0,mid
12,13,Eustacia Zannuto,1982-03-25,8,Female,Toyota,2005,5.0,41,0.0,low,18,0.0,low
13,14,Care Huortic,1975-06-19,14,Male,Hyundai,1995,4.0,48,2.0,mid,28,2.0,mid-low
14,15,Nealson Andries,1981-01-15,22,Male,Lexus,2001,4.0,42,0.0,low,22,0.0,mid-low
15,16,Brinna Andrewartha,1977-01-20,11,Female,Lexus,1968,4.0,46,1.0,mid,55,1.0,mid-high
16,17,Reina Grigoriev,1981-03-08,23,Female,Hyundai,2004,3.0,42,0.0,low,19,0.0,low
17,18,Dulcinea Hann,1981-11-24,19,Female,Honda,2009,4.0,42,0.0,low,14,0.0,low
18,19,Sheffield Kivits,1980-12-31,17,Male,Volkswagen,1997,3.0,43,0.0,low,26,0.0,mid-low
19,20,Barbe Berendsen,1974-07-09,5,Female,Volkswagen,1998,2.0,49,2.0,mid-high,25,2.0,mid-low
20,21,Layney Eskrigge,1973-02-26,21,Female,Mercedes-Benz,2009,4.0,50,3.0,mid-high,14,3.0,low
21,22,Dominic Rydzynski,1973-05-16,22,Male,Honda,2008,4.0,50,3.0,mid-high,15,3.0,low
22,23,Reidar Hunnam,1982-09-30,12,Male,Volkswagen,1993,3.0,41,0.0,low,30,0.0,mid-low
23,24,Arie Wingeat,1972-02-11,12,Male,Honda,1993,5.0,51,3.0,high,30,3.0,mid-low
24,25,Royall Cochet,1973-05-11,24,Male,Toyota,2003,5.0,50,3.0,mid-high,20,3.0,low
25,26,Carlie Bilverstone,1973-07-29,9,Male,Hyundai,2008,5.0,50,3.0,mid-high,15,3.0,low
26,27,Euell Jepperson,1970-03-25,25,Male,Nissan,2009,3.0,53,3.0,high,14,3.0,low
27,28,Kacie Danev,1976-10-01,17,Female,BMW,1994,5.0,47,2.0,mid,29,2.0,mid-low
28,29,Ervin Lawranson,1978-03-31,19,Male,Lexus,2007,4.0,45,1.0,mid-low,16,1.0,low
29,30,Giuseppe Chellam,1971-06-07,24,Male,Lexus,2009,4.0,52,3.0,high,14,3.0,low
30,31,Barde Attrey,1975-09-20,15,Male,Volkswagen,2009,5.0,48,2.0,mid,14,2.0,low
31,32,Isidor Whisker,1979-08-24,11,Male,Mercedes-Benz,1998,3.0,44,1.0,mid-low,25,1.0,mid-low
32,33,Rosana Kalisz,1978-08-03,11,Female,Kia,1992,5.0,45,1.0,mid-low,31,1.0,mid-low
33,34,Terri-jo Ingarfield,1976-08-03,18,Female,Mitsubishi,1998,2.0,47,2.0,mid,25,2.0,mid-low
34,35,Rosalinda Grabert,1980-09-23,12,Female,Mazda,2000,5.0,43,0.0,low,23,0.0,mid-low
35,36,Fredericka Keelan,1974-05-04,19,Female,Honda,2009,4.0,49,2.0,mid-high,14,2.0,low
36,37,Zelma Outibridge,1977-03-11,9,Female,Lexus,1994,4.0,46,1.0,mid,29,1.0,mid-low
37,38,Alane Draycott,1982-10-01,24,Female,Honda,2010,4.0,41,0.0,low,13,0.0,low
38,39,Dorothee Halbeard,1981-02-25,19,Female,Nissan,1989,3.0,42,0.0,low,34,0.0,mid
39,40,Chas McCathie,1977-04-24,14,Male,BMW,1994,5.0,46,1.0,mid,29,1.0,mid-low
40,41,Bernelle Eadmeades,1976-04-15,12,Female,BMW,2010,4.0,47,2.0,mid,13,2.0,low
41,42,Wilmette Graveney,1976-05-13,20,Female,Nissan,2013,5.0,47,2.0,mid,10,2.0,low
42,43,Jacquetta Camelin,1979-02-22,14,Female,Mazda,1990,4.0,44,1.0,mid-low,33,1.0,mid-low
43,44,Gaile Wagg,1977-03-10,6,Male,Nissan,2003,5.0,46,1.0,mid,20,1.0,low
44,45,Othella Charnock,1980-01-31,14,Female,Hyundai,2004,4.0,43,0.0,low,19,0.0,low
45,46,Becky Allabush,1973-02-07,21,Female,Volkswagen,2011,5.0,50,3.0,mid-high,12,3.0,low
46,47,Lynsey Haggerwood,1976-05-25,8,Female,BMW,1995,4.0,47,2.0,mid,28,2.0,mid-low
47,48,Kelvin Kinkaid,1971-01-12,23,Male,Kia,2000,4.0,52,3.0,high,23,3.0,mid-low
48,49,Harald Byram,1976-05-19,15,Male,Mitsubishi,2002,4.0,47,2.0,mid,21,2.0,low
49,50,Antonina Coghill,1979-03-04,19,Female,Lexus,2009,5.0,44,1.0,mid-low,14,1.0,low
50,51,Ellsworth Scardefield,1976-03-18,22,Male,Toyota,2001,4.0,47,2.0,mid,22,2.0,mid-low
51,52,Alejoa Ahmad,1979-11-17,16,Male,Mercedes-Benz,1989,4.0,44,1.0,mid-low,34,1.0,mid
52,53,Fonzie Fitzroy,1975-01-05,23,Male,Kia,2002,2.0,48,2.0,mid,21,2.0,low
53,54,Dela Almak,1973-10-17,13,Female,Audi,2010,4.0,50,3.0,mid-high,13,3.0,low
54,55,Alysa Jore,1978-09-25,22,Female,BMW,2009,3.0,45,1.0,mid-low,14,1.0,low
55,56,Irma Minet,1978-05-12,22,Female,Toyota,1994,5.0,45,1.0,mid-low,29,1.0,mid-low
56,57,Julietta Ormrod,1974-01-20,22,Female,Mazda,2009,5.0,49,2.0,mid-high,14,2.0,low
57,58,Silvano MacCathay,1970-06-02,20,Male,Audi,2009,5.0,53,3.0,high,14,3.0,low
58,59,Romonda Sommerland,1974-09-16,18,Female,Mazda,2001,3.0,49,2.0,mid-high,22,2.0,mid-low
59,60,Elbert Rummings,1980-12-06,23,Male,Kia,2005,4.0,43,0.0,low,18,0.0,low
60,61,Evangelina Tumber,1978-09-09,7,Female,Hyundai,2007,4.0,45,1.0,mid-low,16,1.0,low
61,62,Nancie Gribbon,1977-02-06,13,Female,BMW,2007,4.0,46,1.0,mid,16,1.0,low
62,63,Robbie Russan,1972-03-18,24,Male,Volkswagen,2007,2.0,51,3.0,high,16,3.0,low
63,64,Vale Castrillo,1978-08-13,9,Male,Volkswagen,1999,3.0,45,1.0,mid-low,24,1.0,mid-low
64,65,Washington Pallent,1979-06-10,25,Male,Lexus,2005,5.0,44,1.0,mid-low,18,1.0,low
65,66,Yardley Bowditch,1972-01-03,9,Male,Hyundai,2001,2.0,51,3.0,high,22,3.0,mid-low
66,67,Grange Shelmardine,1976-12-14,25,Male,Honda,1995,5.0,47,2.0,mid,28,2.0,mid-low
67,68,Wilbur Balfre,1970-05-11,5,Male,Audi,2007,2.0,53,3.0,high,16,3.0,low
68,69,Benton Dickie,1979-11-07,6,Male,Volkswagen,2010,4.0,44,1.0,mid-low,13,1.0,low
69,70,Alina Treagus,1980-10-15,24,Female,Mitsubishi,1992,5.0,43,0.0,low,31,0.0,mid-low
70,71,Alfred Auchterlony,1982-06-10,8,Male,BMW,2012,5.0,41,0.0,low,11,0.0,low
71,72,Wallis Ledingham,1973-06-18,21,Female,BMW,2002,3.0,50,3.0,mid-high,21,3.0,low
72,73,Nessy Barbera,1978-03-17,11,Female,Mazda,1993,4.0,45,1.0,mid-low,30,1.0,mid-low
73,74,Matthew Thripp,1979-06-26,9,Male,Lexus,2010,4.0,44,1.0,mid-low,13,1.0,low
74,75,Benni Bagge,1973-03-15,13,Female,Volkswagen,2012,5.0,50,3.0,mid-high,11,3.0,low
75,76,Delora Yellop,1977-06-15,23,Female,Mercedes-Benz,1995,3.0,46,1.0,mid,28,1.0,mid-low
76,77,Courtnay Ridgwell,1971-12-03,13,Female,Mazda,2005,3.0,52,3.0,high,18,3.0,low
77,78,Rosabelle Maddocks,1977-08-14,12,Female,Volkswagen,1998,5.0,46,1.0,mid,25,1.0,mid-low
78,79,Morten Grundon,1981-07-23,5,Male,Lexus,2008,3.0,42,0.0,low,15,0.0,low
79,80,Erskine Absolon,1972-06-06,19,Male,Audi,2001,3.0,51,3.0,high,22,3.0,mid-low
80,81,Avrom Klousner,1972-04-19,24,Male,Lexus,1995,5.0,51,3.0,high,28,3.0,mid-low
81,82,Heywood Barabisch,1971-01-08,13,Male,Hyundai,2007,5.0,52,3.0,high,16,3.0,low
82,83,Adi Westgate,1974-02-05,8,Female,Audi,2006,2.0,49,2.0,mid-high,17,2.0,low
83,84,Juliane Brimm,1980-07-23,15,Female,BMW,2008,3.0,43,0.0,low,15,0.0,low
84,85,Vergil Richten,1976-03-22,9,Male,Lexus,2012,3.0,47,2.0,mid,11,2.0,low
85,86,Dorice Wattingham,1973-04-19,25,Female,Lexus,1992,3.0,50,3.0,mid-high,31,3.0,mid-low
86,87,Correy Gillebert,1980-12-13,14,Female,BMW,1985,4.0,43,0.0,low,38,0.0,mid
87,88,Galina Clow,1973-08-11,6,Female,Kia,1999,5.0,50,3.0,mid-high,24,3.0,mid-low
88,89,Renee Hyman,1974-12-09,17,Female,Kia,1996,5.0,49,2.0,mid-high,27,2.0,mid-low
89,90,Ranique Hance,1974-08-28,22,Female,Audi,2013,4.0,49,2.0,mid-high,10,2.0,low
90,91,Charlton Klimke,1971-07-08,21,Male,Kia,1994,4.0,52,3.0,high,29,3.0,mid-low
91,92,Eveline Wallworth,1981-07-27,6,Female,Mitsubishi,1996,4.0,42,0.0,low,27,0.0,mid-low
92,93,Lauritz Brignell,1980-05-21,11,Male,Toyota,1996,4.0,43,0.0,low,27,0.0,mid-low
93,94,Boony Keat,1982-03-05,14,Male,Volkswagen,1999,3.0,41,0.0,low,24,0.0,mid-low
94,95,Kurtis Cuerdale,1972-02-17,25,Male,Toyota,1996,3.0,51,3.0,high,27,3.0,mid-low
95,96,Arturo Nordass,1974-03-27,13,Male,Honda,1992,5.0,49,2.0,mid-high,31,2.0,mid-low
96,97,Marrissa Coase,1975-06-21,16,Female,Nissan,1992,3.0,48,2.0,mid,31,2.0,mid-low
97,98,Amabelle Baines,1975-06-01,20,Female,Toyota,2010,3.0,48,2.0,mid,13,2.0,low
98,99,Rayshell Bloggett,1976-09-13,13,Female,Lexus,2003,2.0,47,2.0,mid,20,2.0,low
99,100,Lenee Hugk,1979-01-25,22,Female,Kia,1991,3.0,44,1.0,mid-low,32,1.0,mid-low
100,101,Alwyn Ceyssen,1977-01-07,8,Male,Toyota,1992,3.0,46,1.0,mid,31,1.0,mid-low
101,102,Essa Philpott,1975-06-19,6,Female,Audi,2000,5.0,48,2.0,mid,23,2.0,mid-low
102,103,Anson Constance,1970-01-30,8,Male,Nissan,2001,4.0,53,3.0,high,22,3.0,mid-low
103,104,Manya Folbige,1973-09-18,11,Female,Mazda,1994,5.0,50,3.0,mid-high,29,3.0,mid-low
104,105,Chiarra Fassam,1974-04-10,24,Female,Volkswagen,2010,3.0,49,2.0,mid-high,13,2.0,low
105,106,Maud Hoyle,1979-10-27,12,Female,Mercedes-Benz,2012,5.0,44,1.0,mid-low,11,1.0,low
106,107,Gaston Nock,1979-11-06,17,Male,Toyota,2006,4.0,44,1.0,mid-low,17,1.0,low
107,108,Merry Jeannaud,1970-04-11,17,Male,Toyota,2003,4.0,53,3.0,high,20,3.0,low
108,109,Richie Aldrich,1973-10-26,6,Male,Toyota,2008,3.0,50,3.0,mid-high,15,3.0,low
109,110,Gabriel Robbs,1977-08-19,13,Male,Hyundai,1993,2.0,46,1.0,mid,30,1.0,mid-low
110,111,Chick Fearey,1975-07-05,15,Male,Hyundai,1997,4.0,48,2.0,mid,26,2.0,mid-low
111,112,Nikolia Shilito,1976-04-17,12,Female,BMW,2000,3.0,47,2.0,mid,23,2.0,mid-low
112,113,Meredith Bowfin,1979-03-30,22,Female,Mitsubishi,2006,4.0,44,1.0,mid-low,17,1.0,low
113,114,Kessia Ely,1982-09-11,5,Female,Mazda,1990,4.0,41,0.0,low,33,0.0,mid-low
114,115,Mei Stead,1972-01-08,20,Female,Lexus,1984,4.0,51,3.0,high,39,3.0,mid
115,116,Imojean Girkins,1980-02-05,10,Female,Mazda,1999,3.0,43,0.0,low,24,0.0,mid-low
116,117,Odette Woodley,1974-10-14,13,Female,Mazda,2009,2.0,49,2.0,mid-high,14,2.0,low
117,118,Ronny Hugill,1978-04-30,18,Female,Mitsubishi,1974,4.0,45,1.0,mid-low,49,1.0,mid-high
118,119,Giulia Woodroof,1981-11-07,13,Female,Lexus,2004,3.0,42,0.0,low,19,0.0,low
119,120,Jessee Mayne,1981-03-17,13,Male,Toyota,2008,5.0,42,0.0,low,15,0.0,low
120,121,Shalom Anshell,1981-03-17,11,Male,Kia,2007,3.0,42,0.0,low,16,0.0,low
121,122,Carlos Thowes,1970-07-20,12,Male,Lexus,2010,3.0,53,3.0,high,13,3.0,low
122,123,Editha Hedingham,1979-07-21,25,Female,Audi,2004,4.0,44,1.0,mid-low,19,1.0,low
123,124,Marcel Gissing,1974-08-15,20,Male,Toyota,1991,3.0,49,2.0,mid-high,32,2.0,mid-low
124,125,Lanni McGeneay,1976-04-01,9,Female,Nissan,1999,3.0,47,2.0,mid,24,2.0,mid-low
125,126,Hussein Calderhead,1980-12-07,22,Male,Audi,2004,5.0,43,0.0,low,19,0.0,low
126,127,Ferguson Ellin,1980-06-29,16,Male,Kia,2006,5.0,43,0.0,low,17,0.0,low
127,128,Quintina Dollar,1975-09-27,8,Female,Mitsubishi,2000,3.0,48,2.0,mid,23,2.0,mid-low
128,129,Blakeley Skerratt,1972-10-17,5,Female,Audi,1993,5.0,51,3.0,high,30,3.0,mid-low
129,130,Kettie Oswick,1977-10-23,16,Female,Kia,2000,3.0,46,1.0,mid,23,1.0,mid-low
130,131,Ewart Mattiuzzi,1981-11-20,9,Male,Kia,1994,3.0,42,0.0,low,29,0.0,mid-low
131,132,Damien Jakel,1976-07-11,7,Male,Hyundai,2012,2.0,47,2.0,mid,11,2.0,low
132,133,Malchy Nuschke,1978-06-06,22,Male,Hyundai,2000,4.0,45,1.0,mid-low,23,1.0,mid-low
133,134,Mead Perrett,1978-12-17,11,Female,Toyota,2002,4.0,45,1.0,mid-low,21,1.0,low
134,135,Duff Dennert,1980-12-03,9,Male,Nissan,1996,3.0,43,0.0,low,27,0.0,mid-low
135,136,Jordanna Keepe,1976-10-18,8,Female,Kia,2004,2.0,47,2.0,mid,19,2.0,low
136,137,Mordecai Loos,1972-11-11,8,Male,Kia,2011,4.0,51,3.0,high,12,3.0,low
137,138,Hestia Gianulli,1971-05-25,11,Female,Hyundai,1992,3.0,52,3.0,high,31,3.0,mid-low
138,139,Viv Hatterslay,1973-06-02,21,Female,Audi,2011,5.0,50,3.0,mid-high,12,3.0,low
139,140,Nance Gatherer,1972-05-11,15,Female,Lexus,1993,3.0,51,3.0,high,30,3.0,mid-low
140,141,Bird Platfoot,1977-01-02,15,Female,Mercedes-Benz,2010,3.0,46,1.0,mid,13,1.0,low
141,142,Bari Exer,1982-12-29,25,Female,BMW,2000,3.0,41,0.0,low,23,0.0,mid-low
142,143,Tanhya Jarritt,1972-05-06,17,Female,Toyota,1994,3.0,51,3.0,high,29,3.0,mid-low
143,144,Janos Carhart,1978-04-24,5,Male,Kia,2003,4.0,45,1.0,mid-low,20,1.0,low
144,145,Nyssa Westrip,1974-11-23,10,Female,BMW,1986,5.0,49,2.0,mid-high,37,2.0,mid
145,146,Ricca Klement,1972-01-20,22,Female,Mazda,2004,3.0,51,3.0,high,19,3.0,low
146,147,Briant Chaize,1975-05-23,8,Male,Mercedes-Benz,1996,2.0,48,2.0,mid,27,2.0,mid-low
147,148,Wolf Maseyk,1972-04-07,8,Male,Mazda,2009,4.0,51,3.0,high,14,3.0,low
148,149,Niall Gumary,1977-07-02,18,Male,Mercedes-Benz,1986,3.0,46,1.0,mid,37,1.0,mid
149,150,Letitia Haverson,1982-06-12,24,Female,Nissan,1994,4.0,41,0.0,low,29,0.0,mid-low
150,151,Dominique Bapty,1975-08-25,13,Female,Kia,2002,4.0,48,2.0,mid,21,2.0,low
151,152,Timotheus Terzza,1976-09-13,17,Male,Mazda,2009,4.0,47,2.0,mid,14,2.0,low
152,153,Sula Greenroyd,1978-12-31,20,Female,Hyundai,2006,3.0,45,1.0,mid-low,17,1.0,low
153,154,Hinda Dunston,1974-12-13,8,Female,Honda,1988,3.0,49,2.0,mid-high,35,2.0,mid
154,155,Howie Bengefield,1982-08-29,12,Male,Toyota,1992,3.0,41,0.0,low,31,0.0,mid-low
155,156,Tanitansy Schurig,1980-09-18,9,Female,Lexus,1994,4.0,43,0.0,low,29,0.0,mid-low
156,157,Benjie Lodemann,1976-05-29,8,Male,Audi,1998,3.0,47,2.0,mid,25,2.0,mid-low
157,158,Roselle Joseff,1980-01-14,18,Female,Mazda,2009,2.0,43,0.0,low,14,0.0,low
158,159,Kelsey Gockelen,1981-09-13,7,Male,Mercedes-Benz,1996,4.0,42,0.0,low,27,0.0,mid-low
159,160,Nahum Heineken,1971-03-23,8,Male,Volkswagen,2009,4.0,52,3.0,high,14,3.0,low
160,161,Ugo Conneau,1974-06-02,11,Male,Mazda,2012,4.0,49,2.0,mid-high,11,2.0,low
161,162,Burl Stag,1974-10-29,7,Male,Mercedes-Benz,1987,3.0,49,2.0,mid-high,36,2.0,mid
162,163,Sawyer Slocombe,1979-01-09,8,Male,Lexus,2006,4.0,44,1.0,mid-low,17,1.0,low
163,164,Karil Holstein,1979-02-17,24,Female,Audi,1989,5.0,44,1.0,mid-low,34,1.0,mid
164,165,Sherman Defew,1977-01-11,23,Male,Mitsubishi,2007,3.0,46,1.0,mid,16,1.0,low
165,166,Lori Brissenden,1977-02-19,20,Female,BMW,2013,3.0,46,1.0,mid,10,1.0,low
166,167,Harrie Haddleton,1975-03-21,21,Female,Lexus,1994,2.0,48,2.0,mid,29,2.0,mid-low
167,168,Wildon Fenkel,1972-04-11,14,Male,Audi,2001,2.0,51,3.0,high,22,3.0,mid-low
168,169,Marylou Yurkin,1981-12-08,21,Female,Audi,2006,5.0,42,0.0,low,17,0.0,low
169,170,Patrizius Outram,1979-09-13,18,Male,Audi,2001,5.0,44,1.0,mid-low,22,1.0,mid-low
170,171,Annmaria Shivlin,1972-05-09,8,Female,Kia,2012,5.0,51,3.0,high,11,3.0,low
171,172,Alane Hobden,1979-03-27,6,Female,Lexus,2004,2.0,44,1.0,mid-low,19,1.0,low
172,173,Colin Loudiane,1978-08-04,18,Male,Mazda,1992,4.0,45,1.0,mid-low,31,1.0,mid-low
173,174,Anastasia Geoghegan,1971-10-13,19,Female,Nissan,2005,3.0,52,3.0,high,18,3.0,low
174,175,Boycey Kaminski,1982-05-14,22,Male,Mitsubishi,2006,3.0,41,0.0,low,17,0.0,low
175,176,Normie Denidge,1976-12-28,21,Male,Audi,1991,3.0,47,2.0,mid,32,2.0,mid-low
176,177,Mattheus Hagstone,1974-09-07,23,Male,Hyundai,2005,4.0,49,2.0,mid-high,18,2.0,low
177,178,Dniren Oki,1981-02-18,17,Female,Toyota,1999,2.0,42,0.0,low,24,0.0,mid-low
178,179,Eamon Nabbs,1974-10-24,17,Male,Nissan,2011,3.0,49,2.0,mid-high,12,2.0,low
179,180,Alyssa Lindores,1970-06-10,9,Female,Honda,2001,5.0,53,3.0,high,22,3.0,mid-low
180,181,Janenna Weld,1980-03-27,14,Female,Nissan,1989,4.0,43,0.0,low,34,0.0,mid
181,182,Timmy Robardet,1975-09-03,23,Male,Mazda,2000,4.0,48,2.0,mid,23,2.0,mid-low
182,183,Kurt Byre,1971-01-29,13,Male,Mazda,1996,3.0,52,3.0,high,27,3.0,mid-low
183,184,Stormie Tagg,1980-07-20,5,Female,Lexus,1998,2.0,43,0.0,low,25,0.0,mid-low
184,185,Pia Giacomozzo,1975-03-01,6,Female,Toyota,2013,4.0,48,2.0,mid,10,2.0,low
185,186,Chalmers Fife,1981-09-10,19,Male,Volkswagen,2010,3.0,42,0.0,low,13,0.0,low
186,187,Orelie Glinde,1975-05-19,25,Female,BMW,2001,3.0,48,2.0,mid,22,2.0,mid-low
187,188,Nobie Syratt,1981-03-02,5,Male,Audi,2011,3.0,42,0.0,low,12,0.0,low
188,189,Illa Calyton,1977-06-25,7,Female,Volkswagen,1992,3.0,46,1.0,mid,31,1.0,mid-low
189,190,Karlen Gradon,1972-09-13,9,Female,Volkswagen,2003,4.0,51,3.0,high,20,3.0,low
190,191,Justin Looker,1972-06-29,13,Male,Mazda,1986,3.0,51,3.0,high,37,3.0,mid
191,192,Warren Huegett,1973-10-21,12,Male,Audi,2001,4.0,50,3.0,mid-high,22,3.0,mid-low
192,193,Levin Verralls,1982-02-27,7,Male,Toyota,2004,4.0,41,0.0,low,19,0.0,low
193,194,Paulina Verney,1972-05-31,15,Female,Lexus,2009,5.0,51,3.0,high,14,3.0,low
194,195,Adair Allaway,1976-04-27,5,Male,Toyota,2009,2.0,47,2.0,mid,14,2.0,low
195,196,Kenon Kyle,1978-06-13,17,Male,Nissan,1994,5.0,45,1.0,mid-low,29,1.0,mid-low
196,197,Leonanie Alentyev,1970-04-27,19,Female,Toyota,1992,4.0,53,3.0,high,31,3.0,mid-low
197,198,Maximilian Bertelmot,1977-02-05,5,Male,Mazda,1984,5.0,46,1.0,mid,39,1.0,mid
198,199,Demetria Jerzyk,1977-05-16,11,Female,Mitsubishi,2008,4.0,46,1.0,mid,15,1.0,low
199,200,Thatch McGinlay,1975-05-02,11,Male,Hyundai,2002,3.0,48,2.0,mid,21,2.0,low
200,201,Vonnie Chesnut,1970-04-01,8,Female,Kia,2006,3.0,53,3.0,high,17,3.0,low
201,202,Manda Longo,1971-02-22,21,Female,Toyota,1993,3.0,52,3.0,high,30,3.0,mid-low
202,203,Melvin Hoffman,1970-10-28,24,Male,Mercedes-Benz,2001,3.0,53,3.0,high,22,3.0,mid-low
203,204,Roseann Nestoruk,1972-01-19,20,Female,Hyundai,2004,4.0,51,3.0,high,19,3.0,low
204,205,Kirbie Janse,1979-12-20,25,Female,Toyota,2008,5.0,44,1.0,mid-low,15,1.0,low
205,206,Locke Manes,1970-01-27,24,Male,Nissan,2002,3.0,53,3.0,high,21,3.0,low
206,207,Rana Scamp,1980-04-13,11,Female,Mazda,1989,4.0,43,0.0,low,34,0.0,mid
207,208,Shanda Dailly,1972-01-14,14,Female,Volkswagen,1994,4.0,51,3.0,high,29,3.0,mid-low
208,209,Eleanor Bernocchi,1975-03-16,17,Female,Hyundai,2000,3.0,48,2.0,mid,23,2.0,mid-low
209,210,Iona Berendsen,1970-12-29,22,Female,Honda,1992,3.0,53,3.0,high,31,3.0,mid-low
210,211,Hymie Hunnicutt,1981-05-20,17,Male,Hyundai,1994,4.0,42,0.0,low,29,0.0,mid-low
211,212,Luis Fanti,1979-03-16,22,Male,Toyota,1995,3.0,44,1.0,mid-low,28,1.0,mid-low
212,213,Camille Muldownie,1974-12-26,17,Female,Hyundai,2009,4.0,49,2.0,mid-high,14,2.0,low
213,214,Therese Patrickson,1970-12-18,8,Female,Toyota,2004,3.0,53,3.0,high,19,3.0,low
214,215,Onfroi Oxlade,1974-01-25,24,Male,Mitsubishi,1986,3.0,49,2.0,mid-high,37,2.0,mid
215,216,Almira Dowding,1976-11-10,25,Female,Lexus,1995,3.0,47,2.0,mid,28,2.0,mid-low
216,217,Bobina Giacomo,1974-10-06,18,Female,Volkswagen,2009,4.0,49,2.0,mid-high,14,2.0,low
217,218,Lezley Delahunty,1970-05-29,9,Male,Toyota,2008,3.0,53,3.0,high,15,3.0,low
218,219,Maryjo Greenrod,1973-02-20,12,Female,Kia,2004,4.0,50,3.0,mid-high,19,3.0,low
219,220,Dominic Heckle,1975-05-12,17,Male,BMW,2004,3.0,48,2.0,mid,19,2.0,low
220,221,Clemente Ogelsby,1978-11-17,8,Male,Kia,2003,5.0,45,1.0,mid-low,20,1.0,low
221,222,Alon Ladlow,1979-08-27,16,Male,Toyota,2011,3.0,44,1.0,mid-low,12,1.0,low
222,223,Garey Gaunt,1973-09-16,13,Male,Hyundai,2011,5.0,50,3.0,mid-high,12,3.0,low
223,224,Augy Parkeson,1971-03-08,21,Male,Audi,2002,3.0,52,3.0,high,21,3.0,low
224,225,Granny Dunphie,1979-09-04,8,Male,Kia,2006,4.0,44,1.0,mid-low,17,1.0,low
225,226,Brandice Ledgard,1975-10-02,8,Female,Mitsubishi,2006,4.0,48,2.0,mid,17,2.0,low
226,227,Cele Beenham,1974-11-02,17,Female,BMW,1997,4.0,49,2.0,mid-high,26,2.0,mid-low
227,228,Rory Haselhurst,1972-12-01,8,Female,Mitsubishi,2010,5.0,51,3.0,high,13,3.0,low
228,229,Jud Hannibal,1974-03-06,24,Male,Honda,1996,3.0,49,2.0,mid-high,27,2.0,mid-low
229,230,Consolata Featonby,1980-09-27,16,Female,Honda,1993,2.0,43,0.0,low,30,0.0,mid-low
230,231,Tobin Lemonby,1981-05-27,18,Male,Nissan,2004,2.0,42,0.0,low,19,0.0,low
231,232,Hilda Hollier,1970-02-07,6,Female,Nissan,2012,3.0,53,3.0,high,11,3.0,low
232,233,Durand Cluitt,1972-04-22,19,Male,Volkswagen,2001,4.0,51,3.0,high,22,3.0,mid-low
233,234,Benny Stonehouse,1974-02-06,5,Male,Nissan,2004,3.0,49,2.0,mid-high,19,2.0,low
234,235,Rowland Wimlett,1975-07-07,6,Male,Kia,2000,3.0,48,2.0,mid,23,2.0,mid-low
235,236,Vivian Childe,1971-01-03,8,Female,Lexus,1997,4.0,52,3.0,high,26,3.0,mid-low
236,237,Ivonne Buffham,1970-02-26,21,Female,Mitsubishi,1990,3.0,53,3.0,high,33,3.0,mid-low
237,238,Baryram Thurlow,1982-04-26,19,Male,Toyota,1971,4.0,41,0.0,low,52,0.0,mid-high
238,239,Milly Freckelton,1977-02-20,21,Female,Audi,1990,5.0,46,1.0,mid,33,1.0,mid-low
239,240,Hashim Harriagn,1976-03-03,19,Male,Toyota,1996,3.0,47,2.0,mid,27,2.0,mid-low
240,241,Chloe Kirkham,1982-05-25,19,Female,Toyota,2006,4.0,41,0.0,low,17,0.0,low
241,242,Alwyn Castanos,1981-12-29,6,Male,Kia,2001,3.0,42,0.0,low,22,0.0,mid-low
242,243,Burton Leaney,1982-05-28,22,Male,Toyota,2006,5.0,41,0.0,low,17,0.0,low
243,244,Cristian Marcroft,1970-09-23,8,Male,Kia,2000,4.0,53,3.0,high,23,3.0,mid-low
244,245,Althea Wildish,1979-02-15,6,Female,Mazda,1994,5.0,44,1.0,mid-low,29,1.0,mid-low
245,246,Eda Oxley,1971-11-07,6,Female,Toyota,2008,4.0,52,3.0,high,15,3.0,low
246,247,Llywellyn Ralfe,1979-09-06,19,Male,Kia,2007,5.0,44,1.0,mid-low,16,1.0,low
247,248,Jean Maty,1981-09-23,7,Male,Lexus,2006,3.0,42,0.0,low,17,0.0,low
248,249,Burnard Casewell,1978-09-24,17,Male,Nissan,2005,4.0,45,1.0,mid-low,18,1.0,low
249,250,Danila Coleman,1982-04-04,25,Female,Mercedes-Benz,1998,2.0,41,0.0,low,25,0.0,mid-low
250,251,Yvonne Bewlie,1975-08-10,19,Female,Lexus,2007,3.0,48,2.0,mid,16,2.0,low
251,252,Robinet Casford,1979-05-12,20,Male,Volkswagen,2010,3.0,44,1.0,mid-low,13,1.0,low
252,253,Granthem Colaton,1980-04-05,25,Male,Audi,1989,4.0,43,0.0,low,34,0.0,mid
253,254,Blanch Holtum,1981-10-24,12,Female,Kia,2000,5.0,42,0.0,low,23,0.0,mid-low
254,255,Brigham Maywood,1973-01-12,9,Male,Mitsubishi,1997,4.0,50,3.0,mid-high,26,3.0,mid-low
255,256,Gertrud Lantiffe,1976-09-11,5,Female,Lexus,2007,5.0,47,2.0,mid,16,2.0,low
256,257,Maxim Pelz,1974-06-12,12,Male,Mercedes-Benz,2011,5.0,49,2.0,mid-high,12,2.0,low
257,258,Nolie Littleton,1974-02-21,11,Female,Hyundai,1989,3.0,49,2.0,mid-high,34,2.0,mid
258,259,Standford Bastard,1975-05-30,10,Male,Honda,1996,3.0,48,2.0,mid,27,2.0,mid-low
259,260,Maiga Hainge,1971-12-31,9,Female,Volkswagen,1996,3.0,52,3.0,high,27,3.0,mid-low
260,261,Mortimer Addeycott,1974-04-09,15,Male,Mercedes-Benz,1997,5.0,49,2.0,mid-high,26,2.0,mid-low
261,262,Burt McArtan,1982-11-12,17,Male,Nissan,2000,2.0,41,0.0,low,23,0.0,mid-low
262,263,Nollie Kelsall,1972-04-03,16,Female,Mercedes-Benz,2008,5.0,51,3.0,high,15,3.0,low
263,264,Benedict Flippelli,1982-08-03,15,Male,Toyota,1991,2.0,41,0.0,low,32,0.0,mid-low
264,265,Harald McRill,1979-10-04,10,Male,Audi,2002,3.0,44,1.0,mid-low,21,1.0,low
265,266,Gannon Jeffery,1980-02-27,14,Male,Honda,1998,5.0,43,0.0,low,25,0.0,mid-low
266,267,Letisha Blacklidge,1970-08-14,25,Female,Kia,1965,4.0,53,3.0,high,58,3.0,high
267,268,Anette Southcoat,1978-08-16,20,Female,Hyundai,2011,3.0,45,1.0,mid-low,12,1.0,low
268,269,Darline Vasilkov,1977-12-04,7,Female,Audi,2011,5.0,46,1.0,mid,12,1.0,low
269,270,Stephenie Johanning,1976-06-26,23,Female,Audi,2001,3.0,47,2.0,mid,22,2.0,mid-low
270,271,Tamiko Dilgarno,1972-10-13,13,Female,Audi,2002,4.0,51,3.0,high,21,3.0,low
271,272,Chariot Applegate,1975-06-19,18,Male,Hyundai,1990,4.0,48,2.0,mid,33,2.0,mid-low
272,273,Jayson Goodbarne,1979-08-11,25,Male,Toyota,1996,3.0,44,1.0,mid-low,27,1.0,mid-low
273,274,Ward Ruppert,1974-10-08,8,Male,Hyundai,2007,3.0,49,2.0,mid-high,16,2.0,low
274,275,Giovanni Jovic,1971-05-09,16,Male,Mitsubishi,2006,3.0,52,3.0,high,17,3.0,low
275,276,Adi Woodfield,1978-03-29,19,Female,Lexus,2001,4.0,45,1.0,mid-low,22,1.0,mid-low
276,277,Charles Sands-Allan,1977-06-09,20,Male,Toyota,2006,3.0,46,1.0,mid,17,1.0,low
277,278,Giana Tubby,1972-04-19,5,Female,Mazda,2001,2.0,51,3.0,high,22,3.0,mid-low
278,279,Kori Standring,1976-09-29,16,Female,Honda,1980,5.0,47,2.0,mid,43,2.0,mid
279,280,Dyna Damerell,1976-03-01,11,Female,Lexus,2006,3.0,47,2.0,mid,17,2.0,low
280,281,Bronny Capron,1981-09-18,22,Male,BMW,2006,4.0,42,0.0,low,17,0.0,low
281,282,Freeland Farquar,1975-05-31,9,Male,BMW,2010,3.0,48,2.0,mid,13,2.0,low
282,283,Karalee Dybell,1979-03-30,23,Female,BMW,1994,4.0,44,1.0,mid-low,29,1.0,mid-low
283,284,Idette Meneghelli,1980-01-21,11,Female,Hyundai,2007,3.0,43,0.0,low,16,0.0,low
284,285,Daren Penlington,1972-04-19,16,Male,Honda,2008,3.0,51,3.0,high,15,3.0,low
285,286,Ailyn Dewsbury,1977-05-17,11,Female,Honda,1991,4.0,46,1.0,mid,32,1.0,mid-low
286,287,Herbert Asher,1976-03-12,17,Male,Volkswagen,1988,2.0,47,2.0,mid,35,2.0,mid
287,288,Esme Borland,1975-07-19,16,Male,Toyota,2001,2.0,48,2.0,mid,22,2.0,mid-low
288,289,Charin Hassan,1977-08-14,15,Female,Volkswagen,1994,5.0,46,1.0,mid,29,1.0,mid-low
289,290,Mathew Rennison,1976-08-20,15,Male,Volkswagen,2004,5.0,47,2.0,mid,19,2.0,low
290,291,Rasla Buttrey,1977-05-09,16,Female,Hyundai,1992,5.0,46,1.0,mid,31,1.0,mid-low
291,292,Kordula Sibthorp,1982-10-29,10,Female,Kia,1993,4.0,41,0.0,low,30,0.0,mid-low
292,293,Katti Laffranconi,1972-08-30,15,Female,Lexus,1997,2.0,51,3.0,high,26,3.0,mid-low
293,294,Aggie Ghirigori,1976-09-23,18,Female,Mitsubishi,2013,4.0,47,2.0,mid,10,2.0,low
294,295,Pierre McLane,1978-04-02,19,Male,Audi,2008,4.0,45,1.0,mid-low,15,1.0,low
295,296,Giselle Finessy,1979-06-13,21,Female,BMW,1998,4.0,44,1.0,mid-low,25,1.0,mid-low
296,297,Cherrita Meeke,1972-07-07,22,Female,Honda,2000,4.0,51,3.0,high,23,3.0,mid-low
297,298,Idalina Boch,1978-02-03,21,Female,Mitsubishi,1987,4.0,45,1.0,mid-low,36,1.0,mid
298,299,Viole Bromwich,1978-10-20,19,Female,Honda,2009,4.0,45,1.0,mid-low,14,1.0,low
299,300,Mireille Piddlesden,1982-03-08,18,Female,BMW,1990,3.0,41,0.0,low,33,0.0,mid-low
300,301,Tamas McGarry,1970-08-26,21,Male,Mazda,1993,4.0,53,3.0,high,30,3.0,mid-low
301,302,Georgetta Bailess,1970-05-29,6,Female,Volkswagen,1993,3.0,53,3.0,high,30,3.0,mid-low
302,303,Shurlock Steinson,1972-12-26,24,Male,Nissan,2003,4.0,51,3.0,high,20,3.0,low
303,304,Aurie Jeannon,1970-09-07,14,Female,Toyota,2006,3.0,53,3.0,high,17,3.0,low
304,305,Gert Ranner,1971-01-05,14,Female,BMW,1993,3.0,52,3.0,high,30,3.0,mid-low
305,306,Bradney Gringley,1982-08-14,16,Male,Mazda,2008,4.0,41,0.0,low,15,0.0,low
306,307,Gennie Mathewes,1977-01-20,17,Female,Volkswagen,1994,3.0,46,1.0,mid,29,1.0,mid-low
307,308,Brew Risman,1979-03-19,11,Male,Mazda,2003,4.0,44,1.0,mid-low,20,1.0,low
308,309,Dell Jenkinson,1971-01-13,18,Male,Toyota,2004,5.0,52,3.0,high,19,3.0,low
309,310,Toby Hammel,1975-10-03,19,Female,Kia,1995,2.0,48,2.0,mid,28,2.0,mid-low
310,311,Georgia Arden,1970-03-19,7,Female,Audi,1989,3.0,53,3.0,high,34,3.0,mid
311,312,Petra MacNess,1974-12-18,16,Female,Toyota,1999,2.0,49,2.0,mid-high,24,2.0,mid-low
312,313,Yelena Whitter,1980-03-10,24,Female,Kia,2000,4.0,43,0.0,low,23,0.0,mid-low
313,314,Johnathan Lowten,1982-02-27,12,Male,Honda,2006,4.0,41,0.0,low,17,0.0,low
314,315,Oswell Persian,1970-11-10,16,Male,Toyota,2005,3.0,53,3.0,high,18,3.0,low
315,316,Belle Errichiello,1982-02-06,15,Female,BMW,1965,4.0,41,0.0,low,58,0.0,high
316,317,Darn Orteaux,1974-02-15,25,Male,Toyota,2013,4.0,49,2.0,mid-high,10,2.0,low
317,318,Rosco O'Donoghue,1975-03-04,18,Male,Toyota,2004,3.0,48,2.0,mid,19,2.0,low
318,319,Valentino Attard,1976-04-16,12,Male,Toyota,2009,4.0,47,2.0,mid,14,2.0,low
319,320,Theadora Purseglove,1975-12-16,5,Female,Lexus,1988,3.0,48,2.0,mid,35,2.0,mid
320,321,Pepe Cowan,1971-03-16,25,Male,BMW,2009,2.0,52,3.0,high,14,3.0,low
321,322,Ruperto Kippin,1982-08-02,22,Male,Audi,1999,3.0,41,0.0,low,24,0.0,mid-low
322,323,Gallard Coryndon,1975-10-22,22,Male,Audi,2013,3.0,48,2.0,mid,10,2.0,low
323,324,Reider Barton,1978-09-12,5,Male,Lexus,2007,3.0,45,1.0,mid-low,16,1.0,low
324,325,Neal Shapira,1975-09-11,23,Male,Audi,2004,4.0,48,2.0,mid,19,2.0,low
325,326,Vanya Niblo,1982-05-10,15,Male,Hyundai,2004,3.0,41,0.0,low,19,0.0,low
326,327,Sydney Kidd,1970-05-21,23,Male,Nissan,2004,3.0,53,3.0,high,19,3.0,low
327,328,Clarabelle Meagh,1981-12-27,5,Female,Hyundai,2013,3.0,42,0.0,low,10,0.0,low
328,329,Udale Coupman,1980-03-16,23,Male,Honda,1984,3.0,43,0.0,low,39,0.0,mid
329,330,Maurits Jerrim,1972-03-06,22,Male,Toyota,2009,3.0,51,3.0,high,14,3.0,low
330,331,Benjy Mussetti,1973-09-30,13,Male,Mazda,2003,4.0,50,3.0,mid-high,20,3.0,low
331,332,Orelee Pinke,1979-01-22,18,Female,Mazda,2010,5.0,44,1.0,mid-low,13,1.0,low
332,333,Jess Pennini,1971-12-27,20,Male,Audi,1995,4.0,52,3.0,high,28,3.0,mid-low
333,334,Pall Eldon,1974-01-20,23,Male,Kia,1999,4.0,49,2.0,mid-high,24,2.0,mid-low
334,335,Anabal Hothersall,1977-01-30,18,Female,Hyundai,2002,3.0,46,1.0,mid,21,1.0,low
335,336,Maighdiln Hulbert,1970-08-14,12,Female,Mazda,1997,5.0,53,3.0,high,26,3.0,mid-low
336,337,Dominic Sleeny,1980-05-11,5,Male,Audi,2008,5.0,43,0.0,low,15,0.0,low
337,338,Even Ranstead,1982-04-03,23,Male,Lexus,2003,3.0,41,0.0,low,20,0.0,low
338,339,Joanne Ayerst,1970-05-07,9,Female,Kia,1995,5.0,53,3.0,high,28,3.0,mid-low
339,340,Sayer Landrieu,1982-10-08,8,Male,Honda,1999,2.0,41,0.0,low,24,0.0,mid-low
340,341,Antonina Celes,1972-03-08,11,Female,BMW,2010,3.0,51,3.0,high,13,3.0,low
341,342,Isobel Keane,1980-10-15,13,Female,Nissan,2001,4.0,43,0.0,low,22,0.0,mid-low
342,343,Stanfield Prescote,1973-09-28,24,Male,Honda,1988,3.0,50,3.0,mid-high,35,3.0,mid
343,344,Salomo Bontein,1980-02-10,17,Male,Lexus,2005,3.0,43,0.0,low,18,0.0,low
344,345,Bettine Capps,1978-08-01,10,Female,Nissan,2012,3.0,45,1.0,mid-low,11,1.0,low
345,346,Marti Baversor,1971-09-12,25,Female,Mercedes-Benz,2012,3.0,52,3.0,high,11,3.0,low
346,347,Benjie Doumenc,1981-07-02,7,Male,Mitsubishi,1996,3.0,42,0.0,low,27,0.0,mid-low
347,348,Mireille Kastel,1972-05-02,24,Female,BMW,2007,4.0,51,3.0,high,16,3.0,low
348,349,Tess Tutchener,1974-11-25,21,Female,Toyota,2002,2.0,49,2.0,mid-high,21,2.0,low
349,350,Con Stonner,1975-12-07,12,Male,Nissan,1993,2.0,48,2.0,mid,30,2.0,mid-low
350,351,Sukey Geffinger,1974-07-14,18,Female,Volkswagen,1991,2.0,49,2.0,mid-high,32,2.0,mid-low
351,352,Margette Fellon,1980-07-10,6,Female,Mitsubishi,1997,4.0,43,0.0,low,26,0.0,mid-low
352,353,Lia Kaemena,1979-03-11,17,Female,Honda,1994,4.0,44,1.0,mid-low,29,1.0,mid-low
353,354,Arluene Bristo,1981-02-03,21,Female,Kia,2009,3.0,42,0.0,low,14,0.0,low
354,355,Felita Iacavone,1972-01-19,7,Female,Mitsubishi,2012,3.0,51,3.0,high,11,3.0,low
355,356,Westleigh Seargeant,1973-01-22,6,Male,Mazda,2012,3.0,50,3.0,mid-high,11,3.0,low
356,357,Orelee Talks,1982-09-05,22,Female,Honda,1966,3.0,41,0.0,low,57,0.0,mid-high
357,358,Candace Denis,1973-08-20,7,Female,Toyota,1953,2.0,50,3.0,mid-high,70,3.0,high
358,359,Jemmie Cardew,1970-05-12,9,Female,Mercedes-Benz,2003,5.0,53,3.0,high,20,3.0,low
359,360,Vikky Giannazzi,1981-11-16,16,Female,Kia,1993,3.0,42,0.0,low,30,0.0,mid-low
360,361,Lebbie Tirone,1970-06-29,16,Female,Volkswagen,2005,3.0,53,3.0,high,18,3.0,low
361,362,Sonni MacKey,1973-03-15,23,Female,Mercedes-Benz,2005,2.0,50,3.0,mid-high,18,3.0,low
362,363,Sileas Dabs,1970-09-24,7,Female,Mazda,1997,3.0,53,3.0,high,26,3.0,mid-low
363,364,Jamill Dudson,1976-01-10,13,Male,Mitsubishi,2011,3.0,47,2.0,mid,12,2.0,low
364,365,Brok Dunstone,1973-12-08,9,Male,BMW,2006,4.0,50,3.0,mid-high,17,3.0,low
365,366,Blake Abriani,1976-01-14,18,Female,Hyundai,1986,4.0,47,2.0,mid,37,2.0,mid
366,367,Agosto Peach,1971-11-30,20,Male,Mazda,2005,2.0,52,3.0,high,18,3.0,low
367,368,Woodman Eadington,1972-03-07,14,Male,Mitsubishi,2011,5.0,51,3.0,high,12,3.0,low
368,369,Giavani Ast,1970-08-27,10,Male,Hyundai,1996,4.0,53,3.0,high,27,3.0,mid-low
369,370,Darsey Munnion,1979-09-26,10,Female,Hyundai,2002,4.0,44,1.0,mid-low,21,1.0,low
370,371,Harwell Hazard,1977-01-05,23,Male,BMW,1999,2.0,46,1.0,mid,24,1.0,mid-low
371,372,Bartlett Camell,1981-11-14,7,Male,Mercedes-Benz,2008,2.0,42,0.0,low,15,0.0,low
372,373,Hendrik Mayer,1970-05-29,18,Male,Volkswagen,2002,5.0,53,3.0,high,21,3.0,low
373,374,Onfroi Clayden,1975-06-15,14,Male,Lexus,2009,5.0,48,2.0,mid,14,2.0,low
374,375,Shelba Darnody,1979-10-19,6,Female,Volkswagen,2010,4.0,44,1.0,mid-low,13,1.0,low
375,376,Hussein McRinn,1977-04-14,10,Male,Hyundai,2008,5.0,46,1.0,mid,15,1.0,low
376,377,Ashely Echallie,1971-10-27,13,Female,Volkswagen,1990,3.0,52,3.0,high,33,3.0,mid-low
377,378,Rickey Melmoth,1980-08-22,25,Male,Mercedes-Benz,1995,5.0,43,0.0,low,28,0.0,mid-low
378,379,Yolanthe Jossel,1971-09-18,23,Female,Volkswagen,2010,2.0,52,3.0,high,13,3.0,low
379,380,Kyrstin McFetridge,1979-03-10,13,Female,Mercedes-Benz,1999,3.0,44,1.0,mid-low,24,1.0,mid-low
380,381,Alic Hucknall,1981-10-08,13,Male,Hyundai,1996,3.0,42,0.0,low,27,0.0,mid-low
381,382,Aprilette Gilstoun,1973-08-28,9,Female,Hyundai,1988,5.0,50,3.0,mid-high,35,3.0,mid
382,383,Gamaliel Scartifield,1976-01-02,9,Male,Honda,2009,2.0,47,2.0,mid,14,2.0,low
383,384,Lazarus Sketh,1972-02-27,8,Male,Mitsubishi,1994,5.0,51,3.0,high,29,3.0,mid-low
384,385,Allsun Licciardiello,1982-03-10,25,Female,Mercedes-Benz,2010,3.0,41,0.0,low,13,0.0,low
385,386,Berkley Perillo,1975-09-01,8,Male,Audi,2008,2.0,48,2.0,mid,15,2.0,low
386,387,Vale Arundell,1979-06-24,22,Female,Honda,2000,4.0,44,1.0,mid-low,23,1.0,mid-low
387,388,Alisander Reichartz,1971-12-03,25,Male,Kia,2005,2.0,52,3.0,high,18,3.0,low
388,389,Rafe Dodswell,1981-03-26,10,Male,Nissan,1999,2.0,42,0.0,low,24,0.0,mid-low
389,390,Theodor Dunnet,1976-04-06,24,Male,BMW,2003,4.0,47,2.0,mid,20,2.0,low
390,391,Pat Vitall,1982-08-10,11,Female,Nissan,2006,5.0,41,0.0,low,17,0.0,low
391,392,Ignacius Ossenna,1972-03-08,13,Male,Volkswagen,2011,4.0,51,3.0,high,12,3.0,low
392,393,Robin Bonwell,1976-11-07,13,Male,BMW,2003,3.0,47,2.0,mid,20,2.0,low
393,394,Rodrique Andrejs,1970-10-17,9,Male,Audi,1997,4.0,53,3.0,high,26,3.0,mid-low
394,395,Colet Plover,1975-06-11,6,Male,Volkswagen,2002,4.0,48,2.0,mid,21,2.0,low
395,396,Dukie Robert,1982-08-29,9,Male,Honda,2009,3.0,41,0.0,low,14,0.0,low
396,397,Agata Thorndale,1973-02-07,8,Female,Mercedes-Benz,1986,3.0,50,3.0,mid-high,37,3.0,mid
397,398,Dev Cluely,1971-07-01,18,Male,BMW,2013,3.0,52,3.0,high,10,3.0,low
398,399,Powell Cayet,1973-06-21,12,Male,Volkswagen,1992,3.0,50,3.0,mid-high,31,3.0,mid-low
399,400,Donal Pusill,1973-04-29,25,Male,Volkswagen,2012,4.0,50,3.0,mid-high,11,3.0,low
400,401,Yancey Checkley,1977-01-19,18,Male,Hyundai,2005,3.0,46,1.0,mid,18,1.0,low
401,402,Nap Clulee,1977-04-11,17,Male,Mitsubishi,2002,4.0,46,1.0,mid,21,1.0,low
402,403,Butch Mc Combe,1975-05-14,24,Male,Hyundai,2011,3.0,48,2.0,mid,12,2.0,low
403,404,Franz Chander,1971-03-14,24,Male,Hyundai,1987,3.0,52,3.0,high,36,3.0,mid
404,405,Dore Milesap,1971-07-06,20,Male,Kia,2006,3.0,52,3.0,high,17,3.0,low
405,406,Kim Spurritt,1976-07-08,22,Female,BMW,1986,4.0,47,2.0,mid,37,2.0,mid
406,407,Rubin Le Grove,1978-01-07,10,Male,Volkswagen,2001,5.0,45,1.0,mid-low,22,1.0,mid-low
407,408,Yankee Hamman,1979-03-17,24,Male,Mercedes-Benz,1985,3.0,44,1.0,mid-low,38,1.0,mid
408,409,Efren Mockford,1980-05-10,24,Male,Mazda,1988,3.0,43,0.0,low,35,0.0,mid
409,410,Zachery Porkiss,1974-01-11,25,Male,Mercedes-Benz,2001,5.0,49,2.0,mid-high,22,2.0,mid-low
410,411,Tod Byers,1976-06-08,17,Male,Mitsubishi,2005,4.0,47,2.0,mid,18,2.0,low
411,412,Kym Antonomolii,1970-11-22,21,Female,Lexus,1996,3.0,53,3.0,high,27,3.0,mid-low
412,413,Elysha Taveriner,1972-08-01,17,Female,Kia,1989,4.0,51,3.0,high,34,3.0,mid
413,414,Margalo Petcher,1978-06-24,9,Female,Mitsubishi,1984,4.0,45,1.0,mid-low,39,1.0,mid
414,415,Seamus Warsap,1971-05-10,22,Male,Volkswagen,1999,2.0,52,3.0,high,24,3.0,mid-low
415,416,Maris Lamplugh,1975-01-28,21,Female,BMW,2002,4.0,48,2.0,mid,21,2.0,low
416,417,Wyndham Liquorish,1977-12-05,22,Male,Volkswagen,2008,5.0,46,1.0,mid,15,1.0,low
417,418,Orazio Stovine,1974-11-14,13,Male,Honda,2004,5.0,49,2.0,mid-high,19,2.0,low
418,419,Isadora Pedlar,1975-02-14,22,Female,Hyundai,2004,3.0,48,2.0,mid,19,2.0,low
419,420,Ringo Wegenen,1974-07-24,9,Male,Toyota,2012,4.0,49,2.0,mid-high,11,2.0,low
420,421,Lalo Danes,1974-09-28,6,Male,Toyota,1993,3.0,49,2.0,mid-high,30,2.0,mid-low
421,422,Rockwell Andreasen,1979-04-17,22,Male,Volkswagen,2011,4.0,44,1.0,mid-low,12,1.0,low
422,423,Marwin Holywell,1979-01-29,16,Male,Volkswagen,1990,3.0,44,1.0,mid-low,33,1.0,mid-low
423,424,Lyndsie Zannini,1972-05-05,16,Female,Lexus,2011,3.0,51,3.0,high,12,3.0,low
424,425,Chaim Cason,1973-05-14,7,Male,Honda,1993,3.0,50,3.0,mid-high,30,3.0,mid-low
425,426,Graeme Grimwade,1973-12-31,6,Male,BMW,1997,3.0,50,3.0,mid-high,26,3.0,mid-low
426,427,Frasier Peffer,1975-10-03,11,Male,Honda,2012,4.0,48,2.0,mid,11,2.0,low
427,428,Giulio Livingston,1975-06-21,5,Male,Lexus,2004,5.0,48,2.0,mid,19,2.0,low
428,429,Quentin Matusovsky,1978-07-21,9,Female,Nissan,1986,3.0,45,1.0,mid-low,37,1.0,mid
429,430,Henderson Ayre,1978-09-28,19,Male,Lexus,1994,4.0,45,1.0,mid-low,29,1.0,mid-low
430,431,Mordy Deporte,1972-09-15,25,Male,Mercedes-Benz,2002,5.0,51,3.0,high,21,3.0,low
431,432,Gan Beeden,1979-05-05,22,Male,Nissan,1991,5.0,44,1.0,mid-low,32,1.0,mid-low
432,433,Nevile De Caroli,1980-07-07,16,Male,Mercedes-Benz,2005,4.0,43,0.0,low,18,0.0,low
433,434,Blisse Carsberg,1980-11-25,23,Female,Volkswagen,1992,4.0,43,0.0,low,31,0.0,mid-low
434,435,Archambault Rustich,1971-02-12,18,Male,Lexus,1993,4.0,52,3.0,high,30,3.0,mid-low
435,436,Rolph Pinching,1982-01-17,14,Male,Nissan,1997,3.0,41,0.0,low,26,0.0,mid-low
436,437,Donica Pellitt,1981-04-23,8,Female,Mercedes-Benz,1970,3.0,42,0.0,low,53,0.0,mid-high
437,438,Grenville Jandera,1981-02-02,5,Male,Kia,2013,5.0,42,0.0,low,10,0.0,low
438,439,Vaughn Northcote,1975-01-31,23,Male,BMW,2012,2.0,48,2.0,mid,11,2.0,low
439,440,Kassie McMurty,1981-05-13,17,Female,Nissan,1998,2.0,42,0.0,low,25,0.0,mid-low
440,441,Margie D'Onise,1981-01-30,10,Female,Lexus,2010,3.0,42,0.0,low,13,0.0,low
441,442,Nicolea Tointon,1981-01-24,12,Female,Honda,2006,4.0,42,0.0,low,17,0.0,low
442,443,Madge Luxford,1974-08-20,14,Female,Kia,1994,4.0,49,2.0,mid-high,29,2.0,mid-low
443,444,Hewie Blanchet,1975-06-29,11,Male,Volkswagen,1996,3.0,48,2.0,mid,27,2.0,mid-low
444,445,Hersh Labb,1973-07-02,15,Male,Mitsubishi,1997,4.0,50,3.0,mid-high,26,3.0,mid-low
445,446,Natty Winterbotham,1981-11-24,17,Male,Honda,2002,2.0,42,0.0,low,21,0.0,low
446,447,Humberto July,1972-03-12,11,Male,Volkswagen,1996,5.0,51,3.0,high,27,3.0,mid-low
447,448,Wynn Lehrmann,1980-10-27,15,Male,Toyota,2008,4.0,43,0.0,low,15,0.0,low
448,449,Caitrin Ardling,1979-02-28,14,Female,Audi,2004,4.0,44,1.0,mid-low,19,1.0,low
449,450,Jemie Adnet,1973-04-30,19,Female,Mitsubishi,1992,4.0,50,3.0,mid-high,31,3.0,mid-low
450,451,Irwin Pauls,1979-01-05,12,Male,Mercedes-Benz,1998,3.0,44,1.0,mid-low,25,1.0,mid-low
451,452,Jeri Frie,1974-11-19,17,Female,Nissan,2008,3.0,49,2.0,mid-high,15,2.0,low
452,453,Rolando Woodwing,1972-04-09,7,Male,Mercedes-Benz,2004,5.0,51,3.0,high,19,3.0,low
453,454,Rycca Baake,1978-03-17,19,Female,Mazda,2004,5.0,45,1.0,mid-low,19,1.0,low
454,455,Rafael Oxenbury,1974-09-03,19,Male,Lexus,2006,4.0,49,2.0,mid-high,17,2.0,low
455,456,Modestia Ashworth,1981-06-16,14,Female,Hyundai,2008,3.0,42,0.0,low,15,0.0,low
456,457,Sonnie Rabbitts,1970-03-10,21,Male,Mazda,2012,4.0,53,3.0,high,11,3.0,low
457,458,Margarita Smeeth,1974-05-19,7,Female,Honda,1998,2.0,49,2.0,mid-high,25,2.0,mid-low
458,459,Thoma Boyle,1982-04-07,12,Male,Toyota,2007,5.0,41,0.0,low,16,0.0,low
459,460,Lorrin Churn,1976-03-27,21,Female,Toyota,2010,3.0,47,2.0,mid,13,2.0,low
460,461,Daisie Gores,1975-01-03,16,Female,Honda,2004,3.0,48,2.0,mid,19,2.0,low
461,462,Cybil Garbutt,1972-04-20,11,Female,Toyota,2008,4.0,51,3.0,high,15,3.0,low
462,463,Gennie Blunsom,1980-08-20,24,Female,Mazda,2001,4.0,43,0.0,low,22,0.0,mid-low
463,464,Land Geane,1980-05-26,6,Male,Nissan,2006,5.0,43,0.0,low,17,0.0,low
464,465,Godfree Follacaro,1979-08-12,10,Male,Toyota,2005,5.0,44,1.0,mid-low,18,1.0,low
465,466,Zulema Briskey,1981-09-02,16,Female,Mitsubishi,1994,3.0,42,0.0,low,29,0.0,mid-low
466,467,Carmela Gaspard,1975-11-19,12,Female,Kia,1986,4.0,48,2.0,mid,37,2.0,mid
467,468,Dian Dubois,1972-11-23,5,Female,Mercedes-Benz,1996,5.0,51,3.0,high,27,3.0,mid-low
468,469,Ced Benaine,1977-05-24,15,Male,Toyota,2000,5.0,46,1.0,mid,23,1.0,mid-low
469,470,Johnny Ticksall,1979-06-04,16,Male,Mercedes-Benz,1990,3.0,44,1.0,mid-low,33,1.0,mid-low
470,471,Daniel Vernay,1978-06-09,5,Male,Audi,2011,4.0,45,1.0,mid-low,12,1.0,low
471,472,Debera Tredget,1980-09-05,23,Female,Hyundai,1980,4.0,43,0.0,low,43,0.0,mid
472,473,Salvidor Gelly,1973-12-24,16,Male,Kia,2010,5.0,50,3.0,mid-high,13,3.0,low
473,474,Hazlett Sterndale,1977-03-14,13,Male,Nissan,2011,3.0,46,1.0,mid,12,1.0,low
474,475,Gerry Hundell,1973-12-16,5,Male,Toyota,2011,3.0,50,3.0,mid-high,12,3.0,low
475,476,Tore Ismay,1975-06-23,6,Male,Mazda,2010,3.0,48,2.0,mid,13,2.0,low
476,477,Sarita Mapples,1974-05-18,21,Female,BMW,2012,5.0,49,2.0,mid-high,11,2.0,low
477,478,Nellie Tomasino,1973-01-04,20,Female,Toyota,2012,4.0,50,3.0,mid-high,11,3.0,low
478,479,Valera Greenall,1974-09-19,12,Female,BMW,1996,3.0,49,2.0,mid-high,27,2.0,mid-low
479,480,Timmie Sauniere,1975-09-28,6,Male,Mercedes-Benz,2000,2.0,48,2.0,mid,23,2.0,mid-low
480,481,Gwennie Mellody,1970-02-02,12,Female,Volkswagen,2011,4.0,53,3.0,high,12,3.0,low
481,482,Pamella O'Mailey,1975-09-02,12,Female,Hyundai,2008,2.0,48,2.0,mid,15,2.0,low
482,483,Caril Seawright,1972-04-06,8,Female,Toyota,1994,4.0,51,3.0,high,29,3.0,mid-low
483,484,Deidre Sussems,1973-02-13,18,Female,Audi,2004,4.0,50,3.0,mid-high,19,3.0,low
484,485,Derek Claire,1979-01-15,22,Male,Mazda,2006,4.0,44,1.0,mid-low,17,1.0,low
485,486,Ramona Cornewell,1977-04-10,9,Female,Audi,2011,3.0,46,1.0,mid,12,1.0,low
486,487,Coop Castanone,1979-01-17,12,Male,Hyundai,1992,5.0,44,1.0,mid-low,31,1.0,mid-low
487,488,Burr Northill,1976-06-23,16,Male,Lexus,2004,5.0,47,2.0,mid,19,2.0,low
488,489,Adelheid Doddrell,1978-09-20,7,Female,Audi,2000,5.0,45,1.0,mid-low,23,1.0,mid-low
489,490,Jenilee Wyldes,1978-01-09,11,Female,Mitsubishi,2000,4.0,45,1.0,mid-low,23,1.0,mid-low
490,491,Brinna Pordall,1971-01-19,23,Female,Honda,2006,4.0,52,3.0,high,17,3.0,low
491,492,Ynez Wincom,1974-08-08,13,Female,BMW,1985,4.0,49,2.0,mid-high,38,2.0,mid
492,493,Yanaton Cottell,1972-02-05,7,Male,Honda,1995,3.0,51,3.0,high,28,3.0,mid-low
493,494,Ashli Blesli,1970-01-05,10,Female,Toyota,2011,5.0,53,3.0,high,12,3.0,low
494,495,Ellwood Burgott,1981-03-25,14,Male,BMW,2001,4.0,42,0.0,low,22,0.0,mid-low
495,496,Mariquilla Tilmouth,1979-12-31,10,Female,Mitsubishi,1988,2.0,44,1.0,mid-low,35,1.0,mid
496,497,Analiese Acedo,1978-11-10,6,Female,Mazda,2000,5.0,45,1.0,mid-low,23,1.0,mid-low
497,498,Gale Bewfield,1974-11-05,8,Female,BMW,1993,5.0,49,2.0,mid-high,30,2.0,mid-low
498,499,Shalom Okroy,1978-10-17,9,Male,Mercedes-Benz,2010,4.0,45,1.0,mid-low,13,1.0,low
499,500,Farleigh Aughtie,1979-07-24,21,Male,Volkswagen,2011,5.0,44,1.0,mid-low,12,1.0,low
